n_time_bins,n_neurons,n_directions,alpha,bh_rejection_fraction,gaussianish_fraction,median_lilliefors_stat,median_abs_skewness,median_abs_excess_kurtosis,region,activity_type
1332,74,1000,0.05,0.88,0.12,0.0395824365842949,0.30447681369605545,1.5998123946200238,m2,raw
1332,74,1000,0.05,0.884,0.116,0.03709964565069096,0.28232257181118714,1.548351741634371,m2,residualized
1332,65,1000,0.05,1.0,0.0,0.06697942048522576,0.5962739032533947,4.7357305667284235,ofc,raw
1332,65,1000,0.05,1.0,0.0,0.06237796076426656,0.4974996780015293,4.629628834125627,ofc,residualized
1332,18,1000,0.05,1.0,0.0,0.1254513256463594,1.4729450277107103,10.201604517381462,olf,raw
1332,18,1000,0.05,1.0,0.0,0.10866500400595519,1.2681877824901946,10.046766357567638,olf,residualized
